{"cameraMode":{"drawMode":0,"name":"Shaded","section":"Shading Mode"},"sceneLighting":false,"audioPlay":false,"sceneViewState":{"showFog":true,"showMaterialUpdate":false,"showSkybox":false,"showFlares":true,"showImageEffects":true,"showParticleSystems":true},"in2DMode":false,"pivot":{"x":-739.6966552734375,"y":74.8262939453125,"z":-1821.336669921875},"rotation":{"x":0.27958202362060549,"y":-0.03166067972779274,"z":0.009288743138313294,"w":0.9596238136291504},"size":22.0,"orthographic":true}