{"cameraMode":{"drawMode":0,"name":"Shaded","section":"Shading Mode"},"sceneLighting":true,"audioPlay":false,"sceneViewState":{"showFog":true,"showMaterialUpdate":false,"showSkybox":true,"showFlares":true,"showImageEffects":true,"showParticleSystems":true},"in2DMode":false,"pivot":{"x":317.524658203125,"y":973.5790405273438,"z":-1158.4136962890625},"rotation":{"x":0.3757581412792206,"y":0.08741077780723572,"z":-0.03555895388126373,"w":0.9219720363616943},"size":581.3345947265625,"orthographic":false}