{"cameraMode":{"drawMode":0,"name":"Shaded","section":"Shading Mode"},"sceneLighting":true,"audioPlay":false,"sceneViewState":{"showFog":true,"showMaterialUpdate":false,"showSkybox":true,"showFlares":true,"showImageEffects":true,"showParticleSystems":true},"in2DMode":false,"pivot":{"x":-739.6966552734375,"y":74.8262939453125,"z":-1821.336669921875},"rotation":{"x":0.2528954744338989,"y":0.5239623785018921,"z":-0.16633960604667664,"w":0.7962208390235901},"size":486.6087646484375,"orthographic":false}