{"cameraMode":{"drawMode":0,"name":"Shaded","section":"Shading Mode"},"sceneLighting":true,"audioPlay":false,"sceneViewState":{"showFog":true,"showMaterialUpdate":false,"showSkybox":true,"showFlares":true,"showImageEffects":true,"showParticleSystems":true},"in2DMode":false,"pivot":{"x":331.6126708984375,"y":398.17578125,"z":-424.3915100097656},"rotation":{"x":0.14797861874103547,"y":-0.0025857388973236086,"z":0.0004914951859973371,"w":0.9891577959060669},"size":349.11346435546877,"orthographic":false}