{"cameraMode":{"drawMode":0,"name":"Shaded","section":"Shading Mode"},"sceneLighting":true,"audioPlay":false,"sceneViewState":{"showFog":true,"showMaterialUpdate":false,"showSkybox":true,"showFlares":true,"showImageEffects":true,"showParticleSystems":true},"in2DMode":false,"pivot":{"x":451.8272705078125,"y":286.45965576171877,"z":-457.95733642578127},"rotation":{"x":0.14797861874103547,"y":-0.0025857388973236086,"z":0.0004914951859973371,"w":0.9891577959060669},"size":284.7265319824219,"orthographic":false}