{"cameraMode":{"drawMode":0,"name":"Shaded","section":"Shading Mode"},"sceneLighting":false,"audioPlay":false,"sceneViewState":{"showFog":true,"showMaterialUpdate":false,"showSkybox":false,"showFlares":true,"showImageEffects":true,"showParticleSystems":true},"in2DMode":false,"pivot":{"x":2.858485221862793,"y":4.057293891906738,"z":-0.4802510738372803},"rotation":{"x":0.10784078389406204,"y":0.8874550461769104,"z":-0.26464885473251345,"w":0.3616730868816376},"size":5.27918815612793,"orthographic":false}