{"cameraMode":{"drawMode":0,"name":"Shaded","section":"Shading Mode"},"sceneLighting":true,"audioPlay":false,"sceneViewState":{"showFog":true,"showMaterialUpdate":false,"showSkybox":true,"showFlares":true,"showImageEffects":true,"showParticleSystems":true},"in2DMode":false,"pivot":{"x":-240.2244873046875,"y":987.73291015625,"z":-499.52215576171877},"rotation":{"x":-0.04441704973578453,"y":-0.9371383190155029,"z":0.12864696979522706,"w":-0.32183387875556948},"size":1844.2469482421875,"orthographic":false}